Workbook

Sheet Matriz Ckeck LIst
C3: MATRIZ PARA COMPROBACIÓN REQUERIMIENTOS DE CALIDAD DE PROYECTO ACADEMICO
D5: SISTEMA: | E5: SISTEMA CONTABLE DE UNA FUNDACIÓN (Contably)
F6: Requerimientos Funcionales
B7: Nº | C7: CRITERIOS DE CALIDAD (Documento/Requerimientos) | E7: Status Nivel de Acuerdo | F7: CU8. Generar reportes de ingreso | G7: Status Nivel de Acuerdo | H7: 100 | I7: CU7. Generar gráficos interactivos | J7: Status Nivel de Acuerdo | K7: CU4. Registrar Egresos
H8: 0
B9: 1 | C9: Agreed | E9: OK | F9: 1. Videoconferencia de la entrevista 2. Minuta de la entrevista 3. Aceptación por videoconferencia | G9: OK | H9: 1 | I9: 1. Videoconferencia de la entrevista 2. Minuta de la entrevista 3. Aceptación por videoconferencia | J9: OK | K9: Se cuenta con evidencia mediante videoconferencia, minuta de entrevista y aceptación del cliente respecto a la funcionalidad de registrar egresos.
B10: 2 | C10: Ranked | E10: OK | F10: 1. En la descripción de los requisitos funcionales se da una prioridad Media | G10: OK | I10: 1. En la descripción de los requisitos funcionales se da una prioridad Alta | J10: OK | K10: El requisito tiene prioridad Alta, ya que el registro de egresos es esencial para el control financiero del sistema.
B11: 3 | C11: Unambiguos | E11: OK | F11: 1. Redacción de forma que no haya dobles interpretaciones 2. Todos los involucrados interpretan de forma clara | G11: OK | I11: 1. Redacción de forma que no haya dobles interpretaciones 2. Todos los involucrados interpretan de forma clara | J11: OK | K11: Se especifican claramente los tipos de egresos, los datos requeridos y las condiciones de validación, evitando ambigüedades.
B12: 4 | C12: Valid and up-to date | E12: OK | F12: 1. Toda nueva información se ha corregido pertinentemente con respecto a la retroalimentación que nos ha brindado el cliente. | G12: OK | I12: 1. Toda nueva información se ha corregido pertinentemente con respecto a la retroalimentación que nos ha brindado el cliente. | J12: OK | K12: Se realizaron los cambios en base a la retroalimentación reciente del cliente, incluyendo tipos de egreso (Proyectos, Rol de pagos, Presupuesto, Décimos).
B13: 5 | C13: Correct | E13: OK | F13: 1. Está alineado con los objetivos del sistema. 2. Refleja lo que realmente necesita el cliente. | G13: OK | I13: 1. Está alineado con los objetivos del sistema. 2. Refleja lo que realmente necesita el cliente. | J13: OK | K13: El requisito está alineado con los objetivos contables del sistema, reflejando una necesidad real del cliente (registro de salidas financieras).
B14: 6 | C14: Consisten | E14: OK | F14: 1. Documentación realizada utilizando Diagrama de Casos de Uso, Diagrama de clases 2. Los terminos y acrónimos están definidos claramente al inicio del documento de requisitos. | G14: OK | I14: 1. Documentación realizada utilizando Daigrama de Flujos 2. Los terminos y acrónimos están definidos claramente al inicio del documento de requisitos. | J14: OK | K14: Mantiene coherencia con el caso de uso “Registrar Egresos (CU4)” y con la terminología general del sistema contable.
B15: 7 | C15: Verifiable | E15: NOK | F15: 1. Requisito No Medible 2. No se han realizado pruebas | G15: NOK | I15: 1. Requisito No Medible 2. No se han realizado pruebas | J15: NOK | K15: No se han definido aún casos de prueba que verifiquen la correcta validación de campos o el almacenamiento de datos en la base. Se requiere documentación de pruebas.
B16: 8 | C16: Realizable | E16: NOK
B17: 9 | C17: Traceable | E17: OK
B18: 10 | C18: Complete | E18: OK
B19: 11 | C19: Understandability | E19: OK

Sheet MODELO DE LISTA DE COMPROBACION
B1: SISTEMA: | C1: SISTEMA CONTABLE DE UNA FUNDACIÓN (Contably)
B2: FECHA: | C2: 45946
B3: AUTOR: | C3: Dennison Chalacan, Jeffrey Manobanda, Jhordy Marcillo
B4: REQUERIMIENTOS EVALUADOS : | C4: CU4. Registrar Egresos
A6: CONTENIDO
A7: No. | B7: Pregunta | C7: SI | D7: NO
A8: 1 | B8: Todos los requerimientos relevantes se han documentado?
A9: 2 | B9: Se han implementado las funciones requeridas?
A10: 3 | B10: Existe algún mecanismo que permita seguir el impacto de dicho requerimiento a lo largo del resto de las actividades del ciclo productivo.?
A11: 4 | B11: El origen de cada requerimento individual está claro ?
A12: 5 | B12: Que tan facil es devolverse a los requerimientos?
A13: 6 | B13: Los requerimientos reflejan las necesidades y deseos del cliente?
A14: 7 | B14: No hay contradicciones entre los requerimientos?
A15: 8 | B15: El requerimiento que se esta especificando contribuye a alcanzar un objetivo definido ?
A16: 9 | B16: Existe un proceso acotado (en plazo y presupuesto) que permita determinar que el sistema construido satisface lo descrito en el propio requerimiento?
A17: SUMATORIA: | C17: =COUNTA('MODELO DE LISTA DE COMPROBACION'!$C$8:$C$16) -> 0 | D17: =COUNTA('MODELO DE LISTA DE COMPROBACION'!$D$8:$D$16) -> 0
A18: PORCENTAJE : | C18: =C17/9 -> 0 | D18: =D17/9 -> 0
A20: DOCUMENTACIÓN
A21: No. | B21: Pregunta | C21: SI | D21: NO
A22: 1 | B22: Aplica un estandar para la documetación de requerimiento?
A23: 2 | B23: Cumple con la estructura definida por el estandar?
A24: 3 | B24: Utiliza un Glosario de términos normalizado?
A25: 4 | B25: Los requerimientos Funcionales estan sujetos a una única interpretación?
A26: 5 | B26: El modelo aplicado cumple con la sintaxis?
A27: SUMATORIA: | C27: =COUNTA('MODELO DE LISTA DE COMPROBACION'!$C$22:$C$26) -> 0 | D27: =COUNTA('MODELO DE LISTA DE COMPROBACION'!$D$22:$D$26) -> 0
A28: PORCENTAJE : | C28: =C27/5 -> 0 | D28: =D27/5 -> 0
A30: NIVEL DE ACUERDO
A31: No. | B31: Pregunta | C31: SI | D31: NO
A32: 1 | B32: Todos los requerimientos han sido acordados con todos los interesados?
A33: 2
A34: 3 | B34: Han sido resueltos todos los conflictos conocidos respectos de los requerimientos?
A35: SUMATORIA: | C35: =COUNTA('MODELO DE LISTA DE COMPROBACION'!$C$32:$C$34) -> 0 | D35: =COUNTA('MODELO DE LISTA DE COMPROBACION'!$D$32:$D$34) -> 0
A36: PORCENTAJE : | C36: =C35/3 -> 0 | D36: =D35/3 -> 0
A40: RESUMEN
B41: CONTENIDO
B42: DOCUMENTACIÓN
B43: NIVEL DE ACUERDO

Sheet MODELO LISTA DE COMPROBACION
B1: SISTEMA: | C1: SISTEMA CONTABLE DE UNA FUNDACIÓN (Contably)
B2: FECHA: | C2: 45946
B3: AUTOR: | C3: Dennison Chalacan, Jeffrey Manobanda, Jhordy Marcillo
B4: REQUERIMIENTOS EVALUADOS : | C4: CU7. Generar gráficos interactivos
A6: CONTENIDO
A7: No. | B7: Pregunta | C7: SI | D7: NO
A8: 1 | B8: Todos los requerimientos relevantes se han documentado?
A9: 2 | B9: Se han implementado las funciones requeridas?
A10: 3 | B10: Existe algún mecanismo que permita seguir el impacto de dicho requerimiento a lo largo del resto de las actividades del ciclo productivo.?
A11: 4 | B11: El origen de cada requerimento individual está claro ?
A12: 5 | B12: Que tan facil es devolverse a los requerimientos?
A13: 6 | B13: Los requerimientos reflejan las necesidades y deseos del cliente?
A14: 7 | B14: No hay contradicciones entre los requerimientos?
A15: 8 | B15: El requerimiento que se esta especificando contribuye a alcanzar un objetivo definido ?
A16: 9 | B16: Existe un proceso acotado (en plazo y presupuesto) que permita determinar que el sistema construido satisface lo descrito en el propio requerimiento?
A17: SUMATORIA: | C17: =COUNTA('MODELO LISTA DE COMPROBACION'!$C$8:$C$16) -> 0 | D17: =COUNTA('MODELO LISTA DE COMPROBACION'!$D$8:$D$16) -> 0
A18: PORCENTAJE : | C18: =C17/9 -> 0 | D18: =D17/9 -> 0
A20: DOCUMENTACIÓN
A21: No. | B21: Pregunta | C21: SI | D21: NO
A22: 1 | B22: Aplica un estandar para la documetación de requerimiento?
A23: 2 | B23: Cumple con la estructura definida por el estandar?
A24: 3 | B24: Utiliza un Glosario de términos normalizado?
A25: 4 | B25: Los requerimientos Funcionales estan sujetos a una única interpretación?
A26: 5 | B26: El modelo aplicado cumple con la sintaxis?
A27: SUMATORIA: | C27: =COUNTA('MODELO LISTA DE COMPROBACION'!$C$22:$C$26) -> 0 | D27: =COUNTA('MODELO LISTA DE COMPROBACION'!$D$22:$D$26) -> 0
A28: PORCENTAJE : | C28: =C27/5 -> 0 | D28: =D27/5 -> 0
A30: NIVEL DE ACUERDO
A31: No. | B31: Pregunta | C31: SI | D31: NO
A32: 1 | B32: Todos los requerimientos han sido acordados con todos los interesados?
A33: 2 | B33: Todos los requerimientos modificados han sido acordados por todos los implicados?
A34: 3 | B34: Han sido resueltos todos los conflictos conocidos respectos de los requerimientos?
A35: SUMATORIA: | C35: =COUNTA('MODELO LISTA DE COMPROBACION'!$C$32:$C$34) -> 0 | D35: =COUNTA('MODELO LISTA DE COMPROBACION'!$D$32:$D$34) -> 0
A36: PORCENTAJE : | C36: =C35/3 -> 0 | D36: =D35/3 -> 0
A40: RESUMEN
B41: CONTENIDO
B42: DOCUMENTACIÓN
B43: NIVEL DE ACUERDO

Sheet MODELO LISTA DE COMPROBACION - 
B1: SISTEMA: | C1: SISTEMA CONTABLE DE UNA FUNDACIÓN (Contably)
B2: FECHA: | C2: 45946
B3: AUTOR: | C3: Dennison Chalacan, Jeffrey Manobanda, Jhordy Marcillo
B4: REQUERIMIENTOS EVALUADOS : | C4: CU8. Generar reportes de ingreso
A6: CONTENIDO
A7: No. | B7: Pregunta | C7: SI | D7: NO
A8: 1 | B8: Todos los requerimientos relevantes se han documentado?
A9: 2 | B9: Se han implementado las funciones requeridas?
A10: 3 | B10: Existe algún mecanismo que permita seguir el impacto de dicho requerimiento a lo largo del resto de las actividades del ciclo productivo.?
A11: 4 | B11: El origen de cada requerimento individual está claro ?
A12: 5 | B12: Que tan facil es devolverse a los requerimientos?
A13: 6 | B13: Los requerimientos reflejan las necesidades y deseos del cliente?
A14: 7 | B14: No hay contradicciones entre los requerimientos?
A15: 8 | B15: El requerimiento que se esta especificando contribuye a alcanzar un objetivo definido ?
A16: 9 | B16: Existe un proceso acotado (en plazo y presupuesto) que permita determinar que el sistema construido satisface lo descrito en el propio requerimiento?
A17: SUMATORIA: | C17: =COUNTA('MODELO LISTA DE COMPROBACION - '!$C$8:$C$16) -> 0 | D17: =COUNTA('MODELO LISTA DE COMPROBACION - '!$D$8:$D$16) -> 0
A18: PORCENTAJE : | C18: =C17/9 -> 0 | D18: =D17/9 -> 0
A20: DOCUMENTACIÓN
A21: No. | B21: Pregunta | C21: SI | D21: NO
A22: 1 | B22: Aplica un estandar para la documetación de requerimiento?
A23: 2 | B23: Cumple con la estructura definida por el estandar?
A24: 3 | B24: Utiliza un Glosario de términos normalizado?
A25: 4 | B25: Los requerimientos Funcionales estan sujetos a una única interpretación?
A26: 5 | B26: El modelo aplicado cumple con la sintaxis?
A27: SUMATORIA: | C27: =COUNTA('MODELO LISTA DE COMPROBACION - '!$C$22:$C$26) -> 0 | D27: =COUNTA('MODELO LISTA DE COMPROBACION - '!$D$22:$D$26) -> 0
A28: PORCENTAJE : | C28: =C27/5 -> 0 | D28: =D27/5 -> 0
A31: No. | B31: Pregunta | C31: SI | D31: NO
A32: 1 | B32: Todos los requerimientos han sido acordados con todos los interesados?
A33: 2 | B33: Todos los requerimientos modificados han sido acordados por todos los implicados?
A34: 3 | B34: Han sido resueltos todos los conflictos conocidos respectos de los requerimientos?
A35: SUMATORIA: | C35: =COUNTA('MODELO LISTA DE COMPROBACION - '!$C$32:$C$34) -> 0 | D35: =COUNTA('MODELO LISTA DE COMPROBACION - '!$D$32:$D$34) -> 0
A36: PORCENTAJE : | C36: =C35/3 -> 0 | D36: =D35/3 -> 0
A40: RESUMEN
B41: CONTENIDO
B42: DOCUMENTACIÓN
B43: NIVEL DE ACUERDO
